customer_id,name,email,location,signup_date
1,Krystal Schultz,,Carrieburgh,2024-06-16
2,Brent Simmons,brent.simmons@example.com,East Ashleyborough,2021-03-01
3,Mr. Michael Alvarado,mr..michael.alvarado@example.com,Unknown,2023-11-15
4,Chad Hess,chad.hess@example.com,Unknown,2020-06-27
5,Angela Rogers,angela.rogers@example.com,Chambershaven,2021-02-10
6,Casey Shaw,casey.shaw@example.com,Larsonbury,2021-05-09
7,Christina Lee,christina.lee@example.com,North Alyssaport,2020-12-25
8,Joseph Sanchez,joseph.sanchez@example.com,Stewartville,2021-10-13
9,David Baker,david.baker@example.com,North Meagantown,2021-10-18
10,Kathryn Dawson,kathryn.dawson@example.com,Harrishaven,2024-12-12
11,Samantha Rogers,samantha.rogers@example.com,Medinabury,2021-03-20
12,Jason Schneider,jason.schneider@example.com,Alyssashire,2023-06-23
13,Bradley Peterson,bradley.peterson@example.com,Lake Mary,2021-10-13
14,Cindy Smith,cindy.smith@example.com,North Dustin,2024-06-28
15,Lisa Keith,lisa.keith@example.com,Youngstad,2024-01-06
16,Ralph Silva,ralph.silva@example.com,West Laurieberg,2025-01-23
17,Lynn Humphrey,lynn.humphrey@example.com,Port Douglasville,2020-10-25
18,Jessica Cox,jessica.cox@example.com,Unknown,2023-01-10
19,Katherine Prince,katherine.prince@example.com,Jonathantown,2023-07-06
20,Yvonne Campbell,,Port Kathy,2023-07-30
21,Lauren Rowe,lauren.rowe@example.com,Lake Mike,2021-02-11
22,Janet Brown,janet.brownexample.com,South Craig,2024-10-02
23,Ryan Lambert,ryan.lambert@example.com,South Madisonborough,2020-06-09
24,Tammy Anderson,tammy.anderson@example.com,Garciashire,2023-05-05
25,Andrew Long,andrew.long@example.com,Unknown,2024-07-24
26,Andrea Murray,andrea.murrayexample.com,South Rubenfort,2023-04-23
27,Angela Cook,angela.cook@example.com,Gonzalesborough,2024-03-17
28,Ryan Collins,ryan.collins@example.com,New Austinview,2023-11-05
29,Anthony Miles,anthony.miles@example.com,Acostastad,2023-03-09
30,Nicole Cook,nicole.cook@example.com,Unknown,2022-03-03
31,Natalie Spencer,natalie.spencer@example.com,Port Nathan,2022-09-03
32,Penny Bradley,penny.bradleyexample.com,Ramirezberg,2025-02-08
33,Shirley Peterson,shirley.peterson@example.com,New Kristenmouth,2020-10-20
34,Richard Nguyen,richard.nguyen@example.com,Robinland,2024-10-16
35,Christopher Turner,christopher.turner@example.com,Pamelaland,2021-07-18
36,Stephanie Ayers,stephanie.ayers@exampl.com,Janetville,2023-11-10
37,David Kaufman,david.kaufman@example.com,Tammymouth,2020-05-06
38,Michael Molina,,North Stevenstad,2020-08-06
39,April Williams,,Unknown,2022-07-03
40,Rachel Wells,rachel.wells@example.com,Timothymouth,2020-07-20
41,Kenneth Campbell,kenneth.campbell@example.com,East Joshua,2020-12-05
42,Daniel Payne,daniel.payne@example.com,Dianemouth,2023-10-06
43,Lindsey Martinez,lindsey.martinez@example.com,Lake Nichole,2022-04-05
44,Kathleen Craig,kathleen.craig@example.com,Port Sarah,2024-01-15
45,Vicki Hubbard,vicki.hubbardexample.com,Wilsontown,2021-06-17
46,Alexis Davis,alexis.davis@example.com,Daltonland,2021-01-05
47,Christina George,christina.georgeexample.com,Port Randyborough,2021-04-06
48,James Reyes,james.reyes@example.com,Ellisborough,2020-11-06
49,Patrick Smith,patrick.smith@example.com,North Angelport,2020-11-19
50,Michelle Mitchell,michelle.mitchell@example.com,New Williamshire,2022-04-28
51,Cathy Brown,cathy.brown@example.com,Unknown,2022-01-17
52,Dr. Douglas Gonzalez,dr..douglas.gonzalez@example.com,Stephanieborough,2022-10-31
53,Norma Gibson,norma.gibsonexample.com,Anthonyport,2021-12-22
54,Kathleen Solis,kathleen.solis@example.com,South Kimberlymouth,2025-03-23
55,Sally Flores,sally.flores@example.com,North Jillian,2022-09-02
56,Emma Brown,emma.brown@example.com,North Andrewburgh,2022-04-06
57,Susan Gentry,susan.gentry@example.com,Danielside,2025-01-06
58,Jeffrey Chen,jeffrey.chen@example.com,East Kathryn,2022-01-03
59,Christopher Cline,christopher.cline@example.com,Robertton,2020-07-18
60,Sean Bennett,sean.bennett@example.com,West Gavinstad,2025-04-19
61,Mary Sanders,mary.sandersexample.com,North Robin,2021-08-12
62,Elizabeth Sandoval,elizabeth.sandoval@example.com,South Martintown,2024-11-20
63,Carol Jones,carol.jones@example.com,New Crystalland,2021-04-16
64,Christopher Fuller,christopher.fuller@example.com,Bondchester,2020-12-16
65,Ricky Donovan,ricky.donovan@exampl.com,Lake Sandra,2022-11-17
66,Jacob Cole,jacob.coleexample.com,Weberhaven,2021-02-02
67,Dustin Fleming,dustin.flemingexample.com,East Christopher,2020-05-14
68,Jeffrey Yang,jeffrey.yang@example.com,West Eileen,2023-10-25
69,Michael Washington,michael.washington@example.com,Unknown,2020-09-03
70,Sherry Moore,sherry.moore@example.com,East Roy,2021-05-16
71,Morgan Thomas,morgan.thomas@example.com,West Brittany,2021-07-24
72,Melissa Taylor,melissa.taylor@example.com,Dustinland,2023-02-25
73,Adam Kaufman,adam.kaufman@example.com,West Kyleton,2024-10-26
74,Linda Williams,linda.williams@example.com,New Melanie,2020-12-19
75,Scott Duncan,scott.duncan@exampl.com,West Nicole,2024-03-15
76,Maria Chan,maria.chan@example.com,Elizabethmouth,2020-11-07
77,Michael Moore,michael.moore@example.com,New Kristenhaven,2020-07-21
78,Kelly Bennett,kelly.bennett@example.com,Harveyhaven,2020-08-24
79,John Evans,john.evans@example.com,East Larryfort,2023-04-02
80,Jeffrey Sullivan,jeffrey.sullivan@example.com,South Amberport,2023-01-28
81,Rachel Thomas,rachel.thomas@exampl.com,South Jamesfort,2025-03-07
82,Daniel Benitez,daniel.benitez@example.com,Kennethmouth,2020-12-11
83,Mckenzie Todd,mckenzie.todd@example.com,Unknown,2022-04-02
84,Charles Lewis,charles.lewis@example.com,Thompsonland,2024-09-27
85,Anthony Pittman,anthony.pittman@example.com,Jenkinschester,2021-02-02
86,Mr. Samuel Harding,,Charlesland,2022-04-11
87,Randall Fletcher,randall.fletcher@example.com,New Morgan,2022-08-17
88,John Murphy,john.murphy@example.com,Jonesfort,2023-07-10
89,Thomas Hanson,thomas.hanson@example.com,Port Ryanmouth,2023-04-09
90,Brent Shea,brent.shea@example.com,Millsburgh,2020-05-14
91,Kelly Cruz,kelly.cruz@exampl.com,Danielfurt,2021-03-15
92,Stephanie Young,stephanie.young@example.com,Greenhaven,2021-08-27
93,Victoria Jordan,,East Deborahstad,2022-12-05
94,Stephen Tucker,stephen.tucker@example.com,Robertville,2023-04-01
95,John Bradshaw,john.bradshawexample.com,Port Mary,2024-05-02
96,Carlos Bates,carlos.bates@example.com,Sotomouth,2023-04-10
97,Patricia Smith,patricia.smith@example.com,Orozcoport,2022-06-21
98,Jeremy Garcia Jr.,jeremy.garcia.jr.@example.com,Masseyside,2020-08-23
99,Lauren Harvey,lauren.harvey@example.com,North Cathytown,2021-12-09
100,Sherri Wood,sherri.wood@example.com,Unknown,2025-01-29
101,Dr. Alyssa Freeman,dr..alyssa.freeman@example.com,Lindahaven,2023-11-10
102,Dawn Vincent,dawn.vincent@exampl.com,Unknown,2024-12-27
103,Andrea Fernandez,,Prestonmouth,2022-10-03
104,William Dougherty,william.dougherty@example.com,Lake Corey,2021-02-01
105,Gina White,gina.white@exampl.com,North Brian,2021-05-09
106,Tristan Reese,tristan.reeseexample.com,Port Darrenmouth,2021-12-20
107,Kevin Carter,kevin.carter@example.com,Franklinborough,2020-12-25
108,Kimberly Lindsey,kimberly.lindsey@example.com,New Michaelport,2022-07-21
109,Donna Johnson,donna.johnson@example.com,Benjaminfurt,2024-11-22
110,Amanda Forbes,amanda.forbes@example.com,Flemingstad,2022-02-15
111,Richard Kennedy,richard.kennedy@example.com,Lake Jeffrey,2023-04-06
112,Angela Perry,angela.perry@example.com,Navarroside,2024-12-28
113,Matthew Shaw,matthew.shaw@example.com,South Hannah,2023-03-30
114,Maria Coleman,maria.coleman@example.com,Gracefort,2021-05-16
115,Courtney Little,courtney.little@example.com,Lawrenceville,2024-10-21
116,Daniel Peterson,daniel.peterson@example.com,Bakerfort,2023-10-17
117,Nancy Floyd,nancy.floyd@example.com,Carloshaven,2020-06-04
118,Andrea Kelley,andrea.kelleyexample.com,Lake Rachelmouth,2021-04-03
119,Courtney Fox,courtney.fox@example.com,Port Joseph,2021-06-27
120,Angela Adams,angela.adams@example.com,Unknown,2022-11-06
121,Dr. Gabriel King,dr..gabriel.king@example.com,Matthewville,2023-06-03
122,Lisa Miranda,lisa.miranda@example.com,Port Kendraville,2021-04-09
123,Leah West,leah.west@example.com,Nathanmouth,2020-07-01
124,Edward Schultz,edward.schultz@example.com,South Juanhaven,2024-01-30
125,Shawn Davis,shawn.davis@example.com,East Dawn,2024-04-13
126,Emily Jones,emily.jones@example.com,New Kristinatown,2022-05-06
127,Brian Lopez,brian.lopez@example.com,Unknown,2022-10-21
128,Ronnie Garcia,ronnie.garcia@example.com,Jasonfurt,2025-01-27
129,Brian Tran,brian.tran@example.com,Duncanfort,2020-10-12
130,Ronald Pena,ronald.pena@example.com,New Josephmouth,2025-02-14
131,Tony Campbell,tony.campbell@example.com,Unknown,2022-06-16
132,Melissa Frost,melissa.frost@example.com,Unknown,2020-10-26
133,Jonathan Gray,jonathan.gray@example.com,Unknown,2024-08-01
134,Travis Davis,travis.davis@example.com,New Jacqueline,2021-12-25
135,Michael Baker,michael.baker@example.com,North Sandra,2021-06-14
136,Amanda Allen,amanda.allen@example.com,Unknown,2020-12-22
137,Lisa Ali,lisa.aliexample.com,Ronaldport,2023-02-19
138,Laura Cruz,laura.cruz@example.com,Kelseymouth,2023-09-02
139,Mr. Joseph Brown,mr..joseph.brown@example.com,Diazland,2021-04-04
140,Nicole Hart,nicole.hart@example.com,Richardsfurt,2023-12-08
141,Thomas Johnson,thomas.johnson@example.com,Mauriceton,2022-02-26
142,Maria Murphy,maria.murphy@exampl.com,North Joseph,2023-04-01
143,Amanda Barry,amanda.barry@example.com,Port Zacharychester,2023-11-19
144,Ronnie Clayton,ronnie.clayton@example.com,Unknown,2021-11-02
145,Charlotte Stanley,charlotte.stanley@example.com,West Waynemouth,2024-08-11
146,Emily Bates,emily.batesexample.com,Suzannetown,2023-10-26
147,Ryan Stark,ryan.stark@example.com,Christophershire,2024-09-29
148,Anthony Richards,anthony.richards@example.com,Kevinside,2021-12-13
149,Leonard Zimmerman,leonard.zimmerman@exampl.com,Port Douglasmouth,2022-11-26
150,Erica Reid,erica.reid@example.com,Daltonton,2023-12-22
151,Olivia Page,olivia.page@example.com,New Kristenberg,2021-06-22
152,Heather Estes DVM,,Hillhaven,2023-09-29
153,Robert Edwards,robert.edwards@example.com,Blackburnburgh,2022-11-03
154,Shawn Martinez,shawn.martinez@example.com,Allenport,2022-03-18
155,Kathleen Powell,kathleen.powellexample.com,Jenniferland,2023-04-02
156,Autumn Sims,autumn.sims@exampl.com,Williammouth,2021-05-24
157,Jonathan Jimenez,jonathan.jimenez@example.com,Johnport,2022-05-23
158,Kenneth Gardner,kenneth.gardner@example.com,Lake Candaceville,2023-02-15
159,Amy Fletcher,amy.fletcher@example.com,Colleenside,2025-04-26
160,Melissa Wilkinson,melissa.wilkinson@example.com,Justinburgh,2020-05-18
161,Jacob Smith II,jacob.smith.ii@example.com,Baileyberg,2023-08-29
162,Elizabeth Mercer,elizabeth.mercer@example.com,New Linda,2024-03-06
163,Christopher Chapman,christopher.chapman@exampl.com,Robinsontown,2021-08-18
164,Robert Harris,robert.harris@example.com,Lake Kenneth,2022-08-17
165,Dr. Charlene Fowler,dr..charlene.fowler@example.com,Gonzaleston,2023-08-26
166,Jennifer Gonzalez,jennifer.gonzalez@example.com,East Jenniferview,2025-04-16
167,Jaime Woods,jaime.woods@example.com,East Michaelborough,2021-05-28
168,Anthony Hooper,anthony.hooper@example.com,Marksfurt,2021-02-02
169,Loretta Anthony,loretta.anthony@example.com,New Taylor,2022-12-09
170,Travis Washington,travis.washington@example.com,Lake Rebecca,2024-03-18
171,Richard Stephens,richard.stephens@example.com,East Maryport,2024-12-01
172,Cory Carr,cory.carr@example.com,Rowlandfurt,2023-07-29
173,Crystal Stark,crystal.stark@example.com,West Heather,2024-04-06
174,Steven Melton,steven.melton@example.com,Unknown,2024-03-21
175,Robert Garza,robert.garza@example.com,Port Charlesbury,2022-12-21
176,Melissa Anderson,melissa.anderson@example.com,Unknown,2022-08-24
177,Kristy Williams,kristy.williams@example.com,Nelsonport,2020-06-29
178,Keith Williams,keith.williams@exampl.com,Caldwellfurt,2020-09-03
179,Darlene Cook,darlene.cook@example.com,Unknown,2022-09-15
180,Kelly Greene,kelly.greene@example.com,Millerbury,2020-05-01
181,Cynthia Gross,cynthia.gross@example.com,Hansenton,2024-01-20
182,Brian Cruz,brian.cruz@example.com,Michaelport,2021-01-12
183,Justin Wilson,justin.wilson@example.com,Lake Lukeberg,2023-08-14
184,Daniel Day,daniel.day@example.com,West Jackieland,2022-06-08
185,Jose Rich,jose.rich@example.com,East Chadstad,2021-03-23
186,Mr. Patrick Russell MD,mr..patrick.russell.md@example.com,Thomasburgh,2020-11-25
187,Crystal Shepherd,crystal.shepherd@example.com,Kelseyshire,2020-09-26
188,William Espinoza,william.espinoza@example.com,Port Deanland,2024-02-17
189,Paula Eaton,paula.eaton@example.com,Jamesport,2022-05-08
190,Jamie Ingram,jamie.ingram@example.com,New Belinda,2021-05-17
191,Paul James,paul.james@example.com,New Brian,2021-02-02
192,Jason Nelson,jason.nelson@example.com,Unknown,2023-09-27
193,Michael Steele,michael.steele@example.com,Lake Matthew,2021-02-04
194,Henry Mckay,henry.mckay@example.com,Sarahville,2021-11-08
195,Cassidy Mcmillan,cassidy.mcmillan@example.com,Jensenbury,2021-08-10
196,Casey Martin,casey.martin@example.com,Manuelberg,2022-02-27
197,Jamie Alvarez,jamie.alvarez@example.com,Unknown,2024-08-15
198,Lisa Flores,lisa.flores@example.com,Alanville,2022-04-23
199,William Valenzuela,william.valenzuela@example.com,East Johnbury,2022-08-05
200,Miss Amanda Summers,miss.amanda.summers@example.com,Lake Pamelaberg,2022-12-10
201,Tamara Lopez,tamara.lopez@example.com,New Martin,2022-07-10
202,Angela Thompson,angela.thompson@example.com,Elizabethport,2023-01-27
203,Paul Bradshaw,paul.bradshaw@example.com,North Andrew,2021-07-10
204,Karen Medina,karen.medina@example.com,Brownbury,2024-09-10
205,Jennifer Reyes,jennifer.reyes@example.com,Joshuamouth,2024-11-06
206,Marcus Sanchez,marcus.sanchez@example.com,North Victorbury,2022-06-02
207,Keith Yates,keith.yates@example.com,Stephaniebury,2024-05-05
208,Stacy Johnston,stacy.johnston@example.com,Lake Williamborough,2020-05-27
209,Tracy Mayo,tracy.mayo@example.com,New Emilyshire,2022-10-13
210,Latasha Hickman,latasha.hickman@example.com,Unknown,2025-04-23
211,Charles Palmer,charles.palmer@example.com,New Nicholas,2021-07-27
212,Alexis Hernandez,alexis.hernandez@example.com,Port Bryan,2024-02-01
213,Mark Brown,mark.brown@example.com,Hopkinstown,2021-06-12
214,April Rodriguez,april.rodriguez@example.com,Port Jonathan,2021-07-14
215,Brittany Ochoa,brittany.ochoa@example.com,Roweport,2020-07-15
216,Jeffrey Bailey,jeffrey.bailey@example.com,Unknown,2024-12-06
217,William Parsons,william.parsons@example.com,Johnfurt,2022-05-28
218,Michael Hayes,michael.hayes@example.com,Unknown,2023-08-30
219,Gerald Rivera,gerald.rivera@example.com,Port Alvinstad,2023-08-04
220,Shelly Burke,,Batesfort,2022-05-07
221,Lori Casey,lori.casey@example.com,West Ericashire,2020-11-30
222,Lance Barnes,lance.barnes@example.com,Unknown,2023-06-05
223,Karen Gray,karen.gray@example.com,Gallegosfurt,2023-03-22
224,Sara Simmons,,South Adrienne,2020-11-13
225,Linda Phillips,linda.phillipsexample.com,Port Jonathanfurt,2022-09-15
226,Sara Davis,sara.davis@example.com,Lake Gordon,2024-10-05
227,Phillip Wood,phillip.wood@example.com,West Jamesmouth,2023-07-14
228,Christopher Stevenson,christopher.stevenson@example.com,East Teresa,2020-05-13
229,Gabriel Williams,gabriel.williams@example.com,New Kathleenland,2021-10-04
230,Michelle Green,michelle.green@example.com,South Chelseamouth,2021-07-11
231,Alan Hamilton,alan.hamilton@example.com,Snyderborough,2025-04-20
232,Amy Cooper,amy.cooper@example.com,Christyhaven,2024-04-02
233,Alexandra Bush,alexandra.bush@example.com,Crystalville,2024-06-20
234,Michael Ellison,michael.ellison@example.com,East Veronica,2024-07-04
235,Jeffrey Eaton,jeffrey.eaton@example.com,Port Sandrabury,2025-04-12
236,Thomas Brooks,thomas.brooks@example.com,Williamland,2022-01-30
237,Austin Howell,austin.howell@example.com,Unknown,2022-07-29
238,David Foster,david.foster@example.com,Carolton,2022-07-15
239,Whitney Phillips,whitney.phillips@example.com,West Matthew,2021-10-07
240,Antonio Mcconnell,antonio.mcconnell@example.com,Butlermouth,2023-07-30
241,Amanda Nelson,amanda.nelson@example.com,South Nancyhaven,2022-06-03
242,Patricia Jacobs,patricia.jacobs@example.com,Lake Stephaniestad,2023-03-12
243,Mary Jenkins,mary.jenkins@example.com,Barronport,2021-08-07
244,Elizabeth Stone,elizabeth.stone@example.com,Port Dwayne,2022-07-29
245,Cassandra Ramirez,cassandra.ramirez@example.com,Port John,2022-02-24
246,Jacob Mcgee,jacob.mcgee@example.com,East Jessicaview,2021-01-02
247,Jose Stein,jose.steinexample.com,Port Richard,2023-04-27
248,Tiffany Wilson,tiffany.wilson@example.com,Unknown,2020-10-06
249,Michael Miller,,Loweryshire,2021-05-01
250,Tina Munoz,tina.munoz@example.com,Unknown,2022-11-05
251,Shannon Brooks,shannon.brooks@example.com,East Eric,2022-05-25
252,Rebecca Cardenas,rebecca.cardenas@example.com,Gonzalezport,2021-10-05
253,Jennifer Mendez,jennifer.mendez@example.com,Jameston,2023-11-18
254,Tiffany Morales,tiffany.morales@example.com,Castilloberg,2021-03-19
255,William Rodriguez,william.rodriguezexample.com,Youngbury,2025-02-14
256,Alicia Green,alicia.green@example.com,Landryberg,2020-09-15
257,Shaun Monroe Jr.,shaun.monroe.jr.@example.com,North Timothyton,2022-01-06
258,Michael Smith,michael.smith@example.com,Port Christina,2023-03-23
259,Julia Snow,julia.snow@example.com,North Chloefort,2023-02-10
260,Tamara Gray,tamara.gray@example.com,Karenstad,2020-08-29
261,Jessica Cabrera,jessica.cabrera@example.com,Whiteland,2021-05-03
262,Susan Duncan,susan.duncan@example.com,Unknown,2024-02-22
263,Michael Martin,michael.martin@example.com,Gonzalesport,2023-01-02
264,Mallory Curry,mallory.curry@example.com,South Marthafurt,2020-08-09
265,Jesse Weber,jesse.weber@example.com,Sarahshire,2022-04-21
266,Heather Wright,heather.wright@example.com,Lake Shannonfort,2023-05-08
267,Louis Brown,louis.brown@example.com,Shawnhaven,2023-10-05
268,William Lawrence,william.lawrence@example.com,Hannaborough,2022-02-15
269,Robert Barrett,robert.barrett@example.com,Garciaton,2021-08-01
270,Cheryl Wilson,cheryl.wilson@example.com,Maryland,2022-10-22
271,William Davis,william.davis@example.com,North Susanside,2024-10-19
272,Carmen Vasquez,carmen.vasquez@example.com,Unknown,2020-08-11
273,Sue Keith,sue.keith@example.com,Jonesland,2023-09-24
274,Kenneth Manning,kenneth.manning@example.com,Lake Mikayla,2025-03-25
275,Mike Graham,mike.graham@example.com,West Victor,2022-10-12
276,Christopher Wilson,christopher.wilson@example.com,Riveraland,2022-08-11
277,Christopher Mitchell,,Unknown,2023-11-20
278,Joshua Mckenzie,joshua.mckenzie@example.com,Port Richardberg,2023-09-07
279,Jose Bradley,jose.bradley@example.com,Ramirezville,2023-02-22
280,Philip Aguilar,philip.aguilar@example.com,Jamesborough,2024-11-22
281,Shawn Sweeney,shawn.sweeney@example.com,North Alexandra,2024-03-07
282,Samantha Hughes,samantha.hughes@example.com,Lynchville,2023-02-05
283,Joseph Wright,joseph.wright@example.com,Lake Kristenview,2024-01-04
284,Sabrina Cruz,sabrina.cruz@example.com,West Jonathan,2020-05-08
285,Erin Jennings,erin.jennings@example.com,West Pamelatown,2023-11-05
286,Mark Wheeler,mark.wheeler@example.com,East Paul,2024-10-17
287,Daniel Smith,daniel.smith@example.com,Langtown,2021-05-15
288,Gary Ayala,,North Gregory,2023-04-25
289,Kayla Oneal,kayla.oneal@example.com,Bookerview,2024-06-24
290,Jesse Fuller,jesse.fuller@example.com,Michellemouth,2025-04-21
291,Timothy Ferrell,timothy.ferrell@exampl.com,Unknown,2023-06-05
292,Manuel Daniels,manuel.daniels@example.com,New Kennethfort,2023-08-28
293,Sue Johnson,,Blanchardshire,2023-11-14
294,Teresa Cooper,teresa.cooper@example.com,North Cherylborough,2022-09-27
295,Brittany Kelley,brittany.kelley@exampl.com,New Johnfurt,2024-12-22
296,Meghan Garcia,meghan.garcia@example.com,West Grant,2020-08-30
297,Kimberly Leach,kimberly.leach@example.com,East James,2021-06-26
298,Audrey Brooks,audrey.brooks@example.com,Clinetown,2023-12-30
299,Carlos Perez,carlos.perezexample.com,West Justin,2024-10-17
300,Denise Wise,denise.wise@example.com,Sabrinaton,2025-03-29
301,Mary Rodriguez,mary.rodriguez@example.com,Nicoleside,2021-10-31
302,Sarah Wilson,sarah.wilson@example.com,Lake Andrew,2022-02-13
303,John Atkinson,john.atkinson@example.com,Port Rachel,2024-06-23
304,Pamela Hall,pamela.hall@example.com,Ricardoside,2020-06-28
305,Joan Wagner,joan.wagner@example.com,South Marymouth,2024-07-08
306,Lisa Oliver,lisa.oliver@example.com,Josemouth,2022-06-08
307,Stacie Lara,stacie.lara@example.com,Charlesmouth,2020-08-03
308,Stacy Powers,stacy.powers@example.com,Kelleyborough,2020-12-09
309,Joseph Welch,joseph.welch@example.com,South Christophertown,2024-07-11
310,Paul Kelley,paul.kelley@example.com,Lake Johnfort,2024-12-05
311,Matthew Martinez,matthew.martinez@example.com,New Sharon,2020-12-11
312,Kyle Clark,kyle.clark@example.com,East Margaretton,2024-12-09
313,Travis Grant,travis.grant@example.com,Unknown,2023-11-09
314,Mrs. Alexandra Chan DDS,mrs..alexandra.chan.dds@example.com,Port John,2025-04-17
315,Julie Torres,julie.torres@example.com,Matthewchester,2023-06-10
316,Victoria Cruz,victoria.cruz@example.com,Unknown,2023-04-15
317,Tyler Smith,tyler.smith@example.com,Maxwellfurt,2025-02-03
318,Michael Miller,michael.miller@example.com,East Nathaniel,2024-09-28
319,Michael Mahoney,michael.mahoney@example.com,Unknown,2023-04-29
320,Mark Collins,mark.collins@example.com,Scotttown,2024-12-16
321,James Villanueva,james.villanueva@example.com,Maryville,2023-04-25
322,Samantha Gamble,samantha.gamble@example.com,Brookshaven,2024-07-14
323,Kathleen Cole,kathleen.cole@example.com,Unknown,2021-11-18
324,Kenneth Mora,kenneth.mora@example.com,Birdhaven,2023-08-20
325,Tyler Leonard,tyler.leonard@example.com,West Karina,2022-12-25
326,Wyatt Richards,wyatt.richards@example.com,Port Fredtown,2022-05-21
327,Erik Gallegos,erik.gallegos@example.com,Adamsfort,2025-02-19
328,Marie Roberts,marie.roberts@example.com,Amberport,2023-06-22
329,Lynn Smith,lynn.smith@example.com,Bradyburgh,2020-09-17
330,Kayla Carter,kayla.carter@example.com,Fitzgeraldfurt,2024-07-05
331,Stephanie Martin,stephanie.martin@example.com,Lake Jorge,2022-07-08
332,Gabrielle Barnes,gabrielle.barnes@example.com,Darylfurt,2020-07-30
333,Ashley Williams,ashley.williams@example.com,South Kimberly,2022-05-08
334,Kim Stone,kim.stoneexample.com,Port Jennifer,2020-06-14
335,Lisa Jenkins,lisa.jenkins@example.com,Annmouth,2024-03-06
336,Terry Park,terry.park@example.com,West Kellytown,2022-02-03
337,Karen Cabrera,karen.cabrera@example.com,New Jenniferbury,2022-05-12
338,Kyle Morrison,kyle.morrison@example.com,Port Brittany,2021-11-30
339,Kelly Gonzalez,kelly.gonzalez@example.com,Unknown,2022-04-07
340,Anna White,anna.white@example.com,Jamesmouth,2020-12-25
341,Marcus Mays,marcus.mays@example.com,Ingrambury,2023-03-20
342,Leslie Stewart,leslie.stewart@example.com,Unknown,2021-03-15
343,Jason Gonzales,jason.gonzales@example.com,Edwardshire,2021-02-09
344,Suzanne Walsh,suzanne.walsh@example.com,Unknown,2022-08-14
345,Tommy Lawson,tommy.lawson@example.com,Kennedyport,2020-11-12
346,Katie Weaver,katie.weaver@example.com,Lake Monicastad,2022-05-08
347,John Gomez,john.gomez@example.com,Michaelshire,2023-10-20
348,Victor Harris,victor.harris@example.com,Blankenshipborough,2025-04-13
349,Anthony Monroe,anthony.monroe@example.com,Mcfarlandtown,2020-11-10
350,Teresa Lowery,teresa.lowery@example.com,South Christopher,2023-12-15
351,Theresa Townsend,theresa.townsend@example.com,East Joshua,2025-04-07
352,Brittany Gonzalez,brittany.gonzalez@example.com,Kimberlyview,2023-04-03
353,Dawn Franco,dawn.franco@example.com,Courtneyburgh,2022-12-28
354,Jennifer Martin,jennifer.martin@example.com,West Ashleystad,2022-04-28
355,Zachary Hawkins,zachary.hawkins@example.com,Gonzalesshire,2023-09-20
356,Teresa Fuentes,teresa.fuentes@example.com,Martinezhaven,2024-04-01
357,Cynthia Marshall,cynthia.marshall@example.com,Montgomeryport,2022-07-26
358,Ms. Kim Allen,ms..kim.allen@example.com,Petersonfort,2022-12-31
359,Lauren Leonard,lauren.leonard@example.com,Darrylview,2024-06-26
360,Jennifer Malone,jennifer.malone@example.com,Lake Tiffany,2023-09-14
361,Beth Murphy,beth.murphy@example.com,New Annashire,2021-12-01
362,Miguel Snyder,miguel.snyder@example.com,Sampsonhaven,2022-10-29
363,Patrick Franklin,patrick.franklin@example.com,Unknown,2025-03-29
364,Ryan Logan,ryan.logan@example.com,Wilsonfort,2023-10-14
365,Jane Jensen,jane.jensen@example.com,Matthewhaven,2021-10-14
366,Richard Lee,richard.lee@example.com,East Ryanchester,2023-05-02
367,Donna Wyatt,donna.wyatt@example.com,Lake Kristinatown,2020-08-02
368,Rebecca Medina,rebecca.medina@exampl.com,South Ashleystad,2021-12-29
369,Sydney Doyle,sydney.doyle@example.com,Davisshire,2024-02-23
370,Jared Phillips,jared.phillips@example.com,Richardstad,2020-11-07
371,Carrie Adkins,carrie.adkins@example.com,East Brandonton,2023-05-25
372,Cynthia Johnson,cynthia.johnson@example.com,Danielburgh,2023-11-04
373,Scott Flores,scott.flores@example.com,Orrside,2021-12-16
374,Nicholas Barnett,nicholas.barnett@example.com,Lake Jacqueline,2023-09-30
375,Grant Navarro,grant.navarro@example.com,Pattyshire,2021-02-28
376,Matthew Carr,matthew.carr@example.com,South Cynthiaville,2024-10-27
377,Miguel Santos,miguel.santos@example.com,New Laurenstad,2025-01-25
378,Anthony Collins,anthony.collins@example.com,West Joy,2024-12-20
379,Amy Clay,amy.clay@example.com,Unknown,2022-06-14
380,Sherri King,sherri.king@example.com,North Cassidy,2020-07-04
381,Kyle Brewer,kyle.brewer@example.com,Richardville,2024-03-13
382,Christian Cowan,,Nathanielberg,2024-12-24
383,Lisa Barr,lisa.barr@exampl.com,Stevensonview,2021-11-09
384,Tracie Hill,,Unknown,2023-06-30
385,Donna Bryant,donna.bryant@example.com,Lake Dennis,2024-03-22
386,Austin Carlson,austin.carlson@example.com,West Michellemouth,2023-06-17
387,Daniel Ford,daniel.ford@example.com,Poolehaven,2023-03-10
388,Andrew Burch,andrew.burch@example.com,Nancystad,2020-08-25
389,Guy Barton,guy.barton@example.com,North Aliciafurt,2021-02-22
390,Pamela Odom,pamela.odom@example.com,Port Lee,2023-05-31
391,Christy Parker,christy.parker@example.com,Philipbury,2020-07-24
392,Michael Nielsen,michael.nielsen@example.com,Burkebury,2021-11-06
393,Laura Foley,laura.foley@example.com,South Hollyport,2022-12-21
394,Adriana Martinez,adriana.martinez@example.com,Barrettfort,2020-10-24
395,Joel Walker,joel.walker@example.com,East Joanna,2021-11-28
396,James Holmes,,Gregoryside,2022-04-04
397,Michael Nichols,michael.nichols@example.com,Unknown,2022-08-08
398,Jay Edwards,jay.edwardsexample.com,Blairside,2021-02-28
399,Troy Brown,troy.brown@example.com,Lake Corey,2022-05-24
400,Brandon Davis,brandon.davis@example.com,Sandersberg,2021-11-13
401,Gregory Thomas,gregory.thomas@example.com,Rodriguezstad,2021-03-03
402,Vickie Good,vickie.good@example.com,Unknown,2020-12-25
403,Heather Norton,heather.norton@example.com,Port Diane,2023-01-16
404,Brandon Snyder,brandon.snyder@example.com,Monicaborough,2023-11-22
405,Krista Brown,krista.brown@example.com,West Kimberlyhaven,2022-08-31
406,Kelly Parks,kelly.parks@example.com,Johnside,2021-03-29
407,Rickey Powell,rickey.powell@example.com,New Kenneth,2024-03-15
408,Jeffrey Medina,jeffrey.medinaexample.com,Edwardsborough,2023-07-07
409,Amanda Schwartz,amanda.schwartz@exampl.com,North Krystalfort,2021-05-04
410,Scott Mills,scott.millsexample.com,West Nicoletown,2024-07-09
411,Tara Moran,tara.moran@example.com,Port Beverly,2022-11-15
412,Colton Smith,colton.smith@example.com,Denisebury,2022-01-24
413,Eric Rose,eric.rose@example.com,Kristinborough,2021-11-28
414,Ryan Perry,ryan.perryexample.com,Port Abigail,2022-03-01
415,Tammy Olson,tammy.olson@example.com,Jeffreyport,2024-08-30
416,Eric Strong,eric.strong@example.com,East Paul,2023-06-02
417,Sierra Brown,sierra.brown@example.com,North Lawrence,2020-05-09
418,Kristen Jones,kristen.jones@example.com,Barrborough,2023-06-04
419,Craig Andrews,craig.andrews@example.com,Unknown,2022-04-30
420,Rachael Harrison,rachael.harrison@example.com,Lake Kristine,2020-12-17
421,Gregory Ross,gregory.ross@example.com,Williamborough,2024-07-11
422,Ashley Crawford,ashley.crawford@example.com,Unknown,2023-08-05
423,Adam Yates,,New Daniellestad,2023-07-20
424,Daniel Flores,daniel.flores@example.com,Smallbury,2024-05-23
425,Lindsey Salinas,lindsey.salinas@example.com,South Denise,2024-10-11
426,Kelly Davis,kelly.davis@example.com,North Christopher,2023-01-21
427,James Shields,james.shields@exampl.com,Lake Cassieburgh,2022-08-05
428,Tracy Navarro,tracy.navarro@example.com,East Brian,2021-01-25
429,Bradley Hines,bradley.hines@example.com,Christopherside,2020-10-28
430,Andrea Graham,andrea.graham@example.com,New Davidside,2021-12-22
431,Juan Stevenson,juan.stevenson@example.com,Freemanberg,2020-08-07
432,Rhonda Williams,rhonda.williams@example.com,Unknown,2023-11-22
433,Tiffany Vaughan,tiffany.vaughan@example.com,Hernandezberg,2024-03-06
434,Samuel Herrera,samuel.herrera@example.com,South Susan,2025-03-30
435,Jon Schultz,jon.schultz@example.com,Unknown,2021-06-19
436,Jerry Blake,jerry.blake@example.com,Amymouth,2023-12-28
437,Matthew Hall,matthew.hall@example.com,Unknown,2023-09-02
438,Jeffrey Romero,jeffrey.romero@example.com,Unknown,2023-04-12
439,Bethany Henderson,bethany.henderson@example.com,Paulview,2024-09-25
440,Drew Wade,drew.wadeexample.com,Port Jeremiah,2023-04-06
441,Thomas Hall,thomas.hall@example.com,Paulburgh,2020-09-25
442,Casey Cunningham,casey.cunningham@example.com,South Valerie,2020-08-04
443,Christopher Holmes,christopher.holmes@example.com,Cainview,2021-10-01
444,Matthew Lewis,matthew.lewis@example.com,Daybury,2021-09-06
445,Terry Lee,terry.lee@example.com,Poncefort,2025-03-10
446,Jermaine Rangel,jermaine.rangel@example.com,New Shellymouth,2023-03-07
447,Nancy Brown,nancy.brown@example.com,Charlesbury,2020-10-19
448,Meghan Welch,meghan.welch@example.com,Unknown,2021-01-29
449,Kevin Nguyen,kevin.nguyen@example.com,New Roger,2021-05-06
450,Lisa Roberts,lisa.robertsexample.com,Unknown,2023-01-26
451,Samantha Ramirez,samantha.ramirez@example.com,Bradville,2024-06-21
452,Kelly Skinner,kelly.skinner@example.com,South Michaelport,2024-02-08
453,Derrick Christian,derrick.christian@example.com,Moorechester,2024-11-06
454,Jose Williams,jose.williams@example.com,Port Christopherfurt,2022-06-10
455,Debra Durham,debra.durham@example.com,Stephenchester,2020-11-23
456,April Johnson,april.johnson@example.com,Tracyberg,2023-05-18
457,John Gonzalez,john.gonzalez@example.com,Jenkinsberg,2022-07-22
458,Garrett Carter,garrett.carter@example.com,South Davidland,2022-10-19
459,Eric Freeman,eric.freeman@example.com,Shawnborough,2023-10-03
460,Thomas Diaz,thomas.diaz@example.com,East Kathleenfort,2023-11-29
461,James Hudson,james.hudson@example.com,Shorttown,2022-04-28
462,Faith Jones,faith.jones@example.com,Nicoleshire,2020-11-03
463,Sonya Rhodes,sonya.rhodesexample.com,Port Christopherton,2020-10-10
464,Mark King,mark.king@example.com,Colonhaven,2023-05-14
465,Janice Nguyen,janice.nguyen@example.com,Unknown,2023-06-04
466,Tammy Chandler,tammy.chandler@example.com,Zimmermanfort,2025-01-28
467,Caroline Powell,caroline.powell@example.com,Nathanberg,2022-08-23
468,John Dixon,john.dixon@example.com,New Brandonview,2023-06-21
469,Carrie Williams,carrie.williams@example.com,Brandonhaven,2020-12-18
470,Caroline Stone,caroline.stone@example.com,Unknown,2020-06-10
471,Gerald Charles,gerald.charles@exampl.com,West Brian,2022-10-22
472,Rachel Lucas,rachel.lucas@example.com,Whitefort,2024-12-10
473,Kathy Johnson,kathy.johnson@exampl.com,New Jennifer,2021-01-06
474,Susan Shepherd,susan.shepherd@example.com,Lake Megan,2024-12-18
475,Sandra Ruiz,sandra.ruiz@example.com,Katherineton,2023-04-29
476,Debra Brooks,debra.brooks@exampl.com,Robbinsstad,2022-03-26
477,John Murray,john.murray@example.com,Ramirezport,2021-03-29
478,Ryan Jimenez,ryan.jimenez@example.com,South Rhonda,2024-08-10
479,Lisa Wood,lisa.wood@example.com,Abigailmouth,2022-04-11
480,Janet Fields,janet.fields@example.com,Unknown,2022-05-14
481,Shirley Torres,shirley.torres@example.com,Port Samanthaborough,2024-10-04
482,Gregory Proctor,gregory.proctor@example.com,West Jamesmouth,2021-11-30
483,Aaron Shepherd,aaron.shepherd@example.com,Olsonland,2021-05-11
484,Terri Jones,terri.jones@example.com,Jonesshire,2021-05-28
485,Luis Bright,luis.bright@example.com,Sheltonland,2023-07-17
486,Erica Wagner,erica.wagnerexample.com,West Amanda,2021-01-26
487,Debbie Harris,,West Howard,2023-01-24
488,Andrew Silva,andrew.silva@example.com,Allenmouth,2022-06-25
489,Jennifer Terry,jennifer.terry@example.com,Unknown,2023-02-18
490,Thomas Rodriguez,thomas.rodriguez@example.com,New Anthony,2020-10-25
491,Brian Armstrong,brian.armstrong@example.com,Nelsonton,2023-03-09
492,Aaron Cunningham,aaron.cunningham@example.com,North Kyle,2024-03-22
493,Brittany Hill,brittany.hill@example.com,Williston,2022-12-08
494,Catherine Rose,catherine.rose@example.com,West Jennifertown,2025-02-18
495,Diane Banks,diane.banks@example.com,Brittanyfort,2021-02-27
496,Bethany Kaiser,bethany.kaiser@example.com,South Sarafurt,2021-07-04
497,Terri Collins,terri.collins@example.com,West William,2021-01-03
498,Mark Carson,mark.carson@example.com,New Sean,2022-02-10
499,Kristen Middleton,kristen.middleton@example.com,Lake Sherri,2022-09-05
500,Matthew Mcdowell,matthew.mcdowell@example.com,Tylershire,2024-11-17
501,Richard Hale,richard.hale@example.com,Unknown,2024-02-25
502,Charles Davis,charles.davis@example.com,Lisaburgh,2022-03-27
503,Elizabeth Velez,,North Robert,2023-08-08
504,Amanda Robinson,amanda.robinson@example.com,Jessicamouth,2022-08-13
505,Robert Thompson,robert.thompson@example.com,Unknown,2020-09-30
506,David Jacobs,david.jacobs@example.com,Jimenezview,2022-09-16
507,Rachel Juarez,rachel.juarez@example.com,South Chrisberg,2021-08-23
508,Claudia Hartman,claudia.hartman@example.com,Unknown,2024-08-15
509,Matthew Coleman,matthew.coleman@example.com,Ronaldville,2022-08-12
510,Travis Oliver,travis.oliverexample.com,North Justintown,2023-03-24
511,Andrew Pennington,andrew.pennington@example.com,Billymouth,2023-09-01
512,Kevin Morrison,kevin.morrison@example.com,Jenkinsburgh,2025-02-05
513,James Myers,james.myers@example.com,Matthewshire,2022-05-20
514,Mary Odonnell,mary.odonnell@example.com,Myersmouth,2021-07-18
515,Paul Hernandez,paul.hernandez@example.com,Thomasview,2024-02-17
516,Steven Robinson,steven.robinson@example.com,West Christopher,2023-05-04
517,Barbara Bullock,barbara.bullock@exampl.com,Barbarashire,2021-12-03
518,Marcus Carter,marcus.carter@example.com,Port Amanda,2025-03-17
519,Zachary Montoya,zachary.montoya@example.com,Port Sarah,2023-08-14
520,Kelly Jones,kelly.jones@example.com,East Codychester,2025-04-19
521,Michele Hill,michele.hill@example.com,South Cody,2020-12-08
522,Joseph Mayer,joseph.mayer@example.com,Michaelton,2022-07-03
523,Sharon Hays,sharon.hays@example.com,Denniston,2024-10-15
524,Raymond Hayden,raymond.hayden@example.com,Port Chelsea,2024-09-15
525,Lauren Green,lauren.green@example.com,Catherineborough,2022-11-10
526,Richard Cruz,richard.cruz@example.com,Williamsside,2022-03-25
527,Amy Martin,,Unknown,2022-03-28
528,Rebecca Davis,rebecca.davis@example.com,Mallorymouth,2020-05-19
529,Katherine Powell,katherine.powell@example.com,Hannahton,2023-09-03
530,Tracy Lopez DVM,tracy.lopez.dvm@example.com,Heathermouth,2022-08-10
531,Eddie Carter,eddie.carter@example.com,Unknown,2022-01-27
532,Elizabeth Hernandez,elizabeth.hernandez@example.com,West Jacobmouth,2023-07-13
533,James Rice,james.rice@example.com,North Debra,2025-03-27
534,Bradley Williams,bradley.williams@example.com,Suzannemouth,2025-01-26
535,Nicholas Perez,nicholas.perez@example.com,Lake Mario,2022-02-03
536,Timothy Horton,timothy.horton@example.com,New Patrick,2024-06-07
537,Rick Mclean,rick.mclean@example.com,Unknown,2022-04-13
538,Raymond Barron,raymond.barron@example.com,Gonzalezberg,2021-01-20
539,Adam Morgan,adam.morgan@example.com,East Jenniferchester,2024-11-27
540,Richard Dunn,richard.dunn@example.com,Powellville,2025-03-21
541,Debra Palmer,debra.palmerexample.com,East Rachel,2021-10-25
542,Carlos Chavez,carlos.chavez@example.com,New Diane,2022-04-23
543,Lisa Gomez,lisa.gomez@example.com,Careyland,2022-10-18
544,Christopher Hardin,christopher.hardin@example.com,Ashleyfort,2021-11-27
545,Robert White,robert.white@example.com,North Mary,2020-05-03
546,Kenneth Roberts,kenneth.robertsexample.com,New Joshuafort,2023-04-01
547,Christine Mcclain DDS,christine.mcclain.dds@example.com,New Kimberlyside,2023-03-11
548,Melissa Thompson,melissa.thompson@example.com,New Tonya,2021-02-03
549,Scott Brown,scott.brown@example.com,Williammouth,2020-07-10
550,John Copeland,john.copeland@example.com,Davidfurt,2021-04-01
551,Kimberly Garrett,kimberly.garrett@example.com,Guzmanborough,2023-06-29
552,Leslie Thomas,leslie.thomas@example.com,South Regina,2023-02-09
553,Michael Alexander,michael.alexander@example.com,Browntown,2024-12-09
554,Darrell Brown,darrell.brown@example.com,Unknown,2024-01-31
555,John Noble,john.noble@example.com,North Connor,2021-09-14
556,Daniel Reid,daniel.reid@example.com,Port Jose,2021-03-23
557,Brenda Yang,brenda.yang@example.com,Sloanview,2021-11-14
558,Erik Moreno,erik.moreno@example.com,Brandonmouth,2021-07-29
559,Eric Walton,eric.walton@example.com,Janicemouth,2025-04-10
560,Rebecca Singleton,rebecca.singleton@example.com,Unknown,2024-06-13
561,Kenneth Mitchell,kenneth.mitchell@example.com,Edwardsbury,2021-01-23
562,Martha Rogers MD,martha.rogers.md@example.com,Unknown,2021-08-10
563,Kim Garza,kim.garza@example.com,West Ashley,2020-05-12
564,Rhonda White,rhonda.white@example.com,Unknown,2023-12-08
565,Deborah Lewis,deborah.lewis@example.com,Lake Hannah,2025-04-17
566,Jared Cox,jared.cox@example.com,South Chelseastad,2021-03-11
567,Heather Scott,heather.scott@example.com,New Erinshire,2025-02-19
568,Clifford Green,clifford.green@example.com,Meganchester,2023-05-30
569,Samantha White,samantha.white@example.com,Port Ritaside,2024-10-24
570,Misty Oliver,misty.oliver@exampl.com,Lake Jessica,2023-07-28
571,Karla Mendez,karla.mendez@example.com,East Michael,2024-09-09
572,Brianna Lee,brianna.lee@example.com,North Cherylland,2023-01-02
573,Cynthia Stewart,cynthia.stewart@example.com,Stephenbury,2021-07-07
574,Andrea Parsons,andrea.parsons@example.com,Port Anthonyberg,2023-02-08
575,Christian Logan,christian.logan@example.com,Unknown,2022-04-05
576,David Kim,david.kim@example.com,Unknown,2020-12-30
577,Douglas Bennett,douglas.bennett@example.com,Kennethchester,2021-01-05
578,Joshua Campbell,joshua.campbell@example.com,South Jacob,2022-11-07
579,Sarah Hester,sarah.hester@example.com,Ronaldfurt,2022-05-27
580,Mary Kaiser,mary.kaiser@example.com,Port Christinaborough,2020-12-01
581,Brandon Jones,brandon.jones@example.com,West Nicholasport,2020-09-20
582,Michael Swanson,michael.swanson@example.com,North Lisa,2021-03-11
583,Amanda Evans,amanda.evansexample.com,Kurtview,2022-07-14
584,Debra Davidson,debra.davidson@example.com,Martinezhaven,2023-02-10
585,Valerie Gibbs,valerie.gibbs@example.com,New April,2023-07-14
586,Michael Campbell,michael.campbell@example.com,Morganside,2025-04-10
587,Seth Pacheco,seth.pacheco@example.com,Adamschester,2024-01-24
588,Maxwell Lowe DDS,maxwell.lowe.dds@example.com,Hernandezshire,2020-10-21
589,Gary Lin,,Colonshire,2022-01-28
590,Carl Mitchell,carl.mitchell@example.com,Unknown,2022-04-19
591,Richard Mccall,richard.mccall@example.com,East Stephanie,2024-11-04
592,Christopher Gonzalez,christopher.gonzalez@example.com,Michelleton,2020-07-30
593,Erin Baker,erin.baker@example.com,West Jake,2024-01-24
594,Elizabeth Olson,elizabeth.olson@example.com,Moralesburgh,2020-09-25
595,Michael Osborn,michael.osborn@example.com,South Amy,2020-05-04
596,Scott Chen,scott.chen@example.com,Williamsview,2021-02-17
597,Louis Cuevas,louis.cuevas@example.com,Unknown,2021-03-06
598,Natalie Stewart,natalie.stewart@example.com,Jillborough,2020-09-26
599,Patricia Larsen,patricia.larsen@example.com,North Elizabeth,2023-11-29
600,Julie Powers,julie.powers@example.com,Russellland,2021-08-17
601,Daniel Davies,daniel.davies@example.com,Jonesborough,2021-01-29
602,Catherine Hamilton,catherine.hamilton@example.com,Port Alexandermouth,2020-06-07
603,Tiffany Shaw,tiffany.shaw@example.com,Lake Derekhaven,2021-07-13
604,Mark Jones,mark.jones@example.com,Port Michelleton,2024-03-01
605,Brian Morris,brian.morris@example.com,Unknown,2020-12-21
606,Mrs. Autumn Cummings DDS,mrs..autumn.cummings.dds@example.com,East Carmen,2023-09-20
607,Tyler Mason,tyler.mason@example.com,South Sandrabury,2022-09-08
608,Russell Blackburn,russell.blackburn@example.com,Lake Stevenborough,2025-02-13
609,Valerie Mcdaniel,valerie.mcdaniel@example.com,West David,2021-01-29
610,Amanda Evans,amanda.evans@example.com,Mendozaland,2022-12-16
611,Christopher Jordan,christopher.jordan@example.com,Deckerstad,2021-10-03
612,Elizabeth Wagner,elizabeth.wagner@example.com,Josephfurt,2022-02-14
613,Brandon Stewart,brandon.stewart@example.com,South Heatherton,2023-03-14
614,Charles Barnes,charles.barnes@example.com,Port Heather,2023-10-23
615,Linda Smith,linda.smith@example.com,West Jamesburgh,2022-02-25
616,Stacey Carpenter,stacey.carpenter@example.com,North Anthony,2022-02-21
617,Ronald Pearson,ronald.pearson@exampl.com,South Elizabeth,2021-08-15
618,James Johnson,james.johnson@example.com,Lake Michellehaven,2022-06-10
619,Brenda Ortega,brenda.ortega@example.com,Brightchester,2023-08-02
620,Jennifer Weaver,jennifer.weaver@example.com,Port Andrewfurt,2022-11-02
621,Joshua Everett,joshua.everett@example.com,East Jessica,2024-06-01
622,Debra Castillo,debra.castillo@example.com,North Bruceland,2024-12-23
623,Diana Hammond,diana.hammond@example.com,West Spencer,2023-04-17
624,James Kennedy,james.kennedy@example.com,Port Robert,2023-09-23
625,Robin Jensen,robin.jensen@example.com,Unknown,2023-12-24
626,Heather Anderson,heather.anderson@exampl.com,South Mary,2021-05-19
627,Anthony Cole,anthony.cole@example.com,Lake Justin,2023-05-03
628,Jennifer Smith,jennifer.smith@example.com,West Donnastad,2020-12-08
629,Heather Diaz,heather.diaz@example.com,Travisville,2021-08-08
630,Karen Hall,karen.hall@example.com,Port Shawn,2024-07-28
631,Carol Jones,carol.jones@example.com,Jenniferbury,2021-10-24
632,Kristine Washington,kristine.washington@example.com,Lake Mallorychester,2022-12-11
633,Dylan Mitchell,dylan.mitchell@example.com,South Kevin,2022-05-21
634,Raymond Thompson,raymond.thompson@example.com,Graveshaven,2023-01-26
635,Ryan May,ryan.may@example.com,Port James,2023-08-20
636,Christopher King,christopher.king@example.com,Austinview,2021-07-21
637,Terri Glass,terri.glass@example.com,North Thomas,2023-12-28
638,Larry Coleman,larry.coleman@example.com,East Stephanie,2022-09-20
639,Martin Montoya,martin.montoya@exampl.com,Port Paulamouth,2023-05-17
640,Patricia Allen,,Lake Kimberly,2024-04-11
641,Lee Lambert,lee.lambert@example.com,Paulton,2021-07-01
642,Joseph Best,,Ericfurt,2023-08-09
643,Brian James,brian.james@example.com,East Jason,2023-10-17
644,Jose Valentine,jose.valentine@example.com,Lake Kristin,2020-05-02
645,Tina Keller,tina.keller@exampl.com,South Danielport,2024-06-18
646,Robert Robles,robert.robles@example.com,South Kelseyhaven,2025-03-21
647,Lauren Nash,lauren.nash@example.com,Albertmouth,2021-03-11
648,Sara Marquez,sara.marquez@example.com,Alvaradochester,2020-12-19
649,Teresa Morris,teresa.morris@example.com,Bestport,2020-06-14
650,Tiffany Medina,tiffany.medina@example.com,New Miguelland,2022-11-04
651,Joshua King,joshua.kingexample.com,Andrewport,2022-06-10
652,Mr. Willie Foster,mr..willie.foster@example.com,Henryborough,2023-07-02
653,Austin Carlson,austin.carlson@example.com,South Tiffany,2023-12-28
654,Mr. Christopher George,mr..christopher.george@example.com,North Walter,2021-07-21
655,Anthony Allen,anthony.allen@example.com,New Justinburgh,2021-11-07
656,Kathryn Jackson,kathryn.jackson@example.com,South Tammy,2024-06-26
657,Amanda Thompson,amanda.thompson@example.com,North Emilyside,2024-06-16
658,Tara Norman,tara.normanexample.com,Port Micheleland,2022-08-22
659,Dawn Lin,dawn.lin@example.com,North Michael,2022-08-28
660,Kyle Garcia,kyle.garcia@example.com,North David,2022-03-04
661,Erik Young,erik.young@example.com,East Aaron,2024-12-20
662,Kristen White,kristen.white@example.com,North Stevenstad,2022-07-03
663,Mark Thomas,mark.thomas@example.com,Dianemouth,2022-04-17
664,Andrea Watson,andrea.watson@example.com,Elizabethfurt,2020-07-10
665,Sean Mccarty,sean.mccarty@example.com,Lake Larryport,2020-05-07
666,Erik Stone,erik.stone@example.com,Stewartburgh,2020-11-08
667,Matthew Thompson,matthew.thompson@example.com,New Calebfort,2024-02-23
668,Carmen Holt,carmen.holt@exampl.com,Unknown,2022-01-21
669,Todd Khan,todd.khan@example.com,South Kimberly,2020-06-23
670,Brenda Jensen,brenda.jensen@example.com,Unknown,2023-07-05
671,Steven Chavez,steven.chavez@example.com,Youngside,2024-11-27
672,Chad Vasquez,chad.vasquez@example.com,Danielfurt,2024-10-03
673,Dwayne Brown,dwayne.brown@example.com,South Jonathanburgh,2025-03-15
674,Teresa Stone,teresa.stone@example.com,North Jason,2023-05-17
675,Lisa Cook,lisa.cook@example.com,Johnville,2024-06-03
676,Bradley Kramer,bradley.kramer@example.com,Port Mirandachester,2022-06-17
677,Mrs. Laurie Quinn DDS,mrs..laurie.quinn.dds@example.com,Paulchester,2021-09-28
678,Pam Bryan,pam.bryan@example.com,North Lisa,2020-09-28
679,Laura Martinez,laura.martinezexample.com,Alishabury,2021-07-24
680,Randy Patterson,randy.patterson@example.com,Port Stephanie,2020-11-11
681,Jennifer Kramer,jennifer.kramer@example.com,Cortezfort,2023-12-06
682,Mark Brown,mark.brown@example.com,Lake Morgan,2022-05-29
683,Nicholas Phillips,nicholas.phillips@example.com,Ivanmouth,2020-08-30
684,Tina French,tina.french@example.com,Williamschester,2024-03-25
685,Robert Crane,robert.crane@exampl.com,Port Chloe,2024-06-24
686,Amanda Lester,amanda.lester@example.com,Barbaraton,2021-05-30
687,Jessica Velazquez,jessica.velazquez@example.com,Donnaview,2021-10-17
688,Sheila Miller,sheila.miller@example.com,Aprilmouth,2023-08-17
689,Mario Morris,mario.morris@example.com,Schmidtfurt,2021-07-09
690,Adam Roberts,adam.roberts@example.com,Port Josephside,2022-04-07
691,Ariel Ramos,ariel.ramos@example.com,Unknown,2020-11-16
692,Glen Walter,glen.walter@example.com,West Kevinmouth,2023-12-19
693,Karen Vasquez,karen.vasquez@exampl.com,West Julia,2022-02-01
694,Christopher Miller,christopher.miller@example.com,Owenshaven,2023-09-05
695,Gerald Riley,gerald.riley@example.com,New Ashleyborough,2020-07-18
696,Megan Munoz,megan.munoz@example.com,South Tonyachester,2021-02-22
697,Barbara Townsend,barbara.townsend@example.com,Ruizport,2021-03-20
698,Alexandria Davis,alexandria.davis@example.com,Monicatown,2023-07-15
699,Matthew Rios,matthew.rios@example.com,Underwoodtown,2024-08-23
700,Mrs. Christina Navarro,mrs..christina.navarro@example.com,Sarahton,2021-11-23
701,Diana Schmidt,diana.schmidt@example.com,New Jennifer,2021-09-27
702,Brian Delacruz,brian.delacruz@example.com,New Pamelamouth,2022-08-25
703,Joseph Taylor,joseph.taylor@example.com,Unknown,2022-09-06
704,Lisa Johnson,,Unknown,2021-09-04
705,Ellen Melton,ellen.melton@example.com,Lowetown,2022-01-09
706,Michael Callahan,michael.callahan@example.com,Port Kevinside,2025-04-04
707,Ashley Bishop,,Danielsfurt,2021-05-21
708,Terry Miller,terry.miller@example.com,South Nicole,2021-01-26
709,Carrie Christian,carrie.christian@example.com,Martinport,2023-07-16
710,Michael White,michael.white@example.com,Jamesville,2020-07-30
711,Crystal Mercer,crystal.mercer@example.com,East Shawnstad,2024-01-22
712,Kyle Grant,kyle.grant@example.com,South Nancy,2024-08-04
713,Lisa Barrera,lisa.barrera@example.com,Unknown,2021-11-10
714,Jamie Davis,jamie.davis@example.com,Port Joseph,2022-01-28
715,Timothy Wong,timothy.wong@example.com,North Mitchellberg,2023-03-02
716,Michael Johnson,michael.johnson@exampl.com,Knappside,2022-10-30
717,Nicole Galloway,nicole.galloway@example.com,Tranmouth,2023-04-03
718,Tamara Ford,tamara.ford@example.com,East Thomas,2022-01-16
719,Scott Johnson,scott.johnson@exampl.com,North Ryanberg,2023-01-30
720,Nicholas Garza,,Wadestad,2020-09-22
721,Dr. Guy Myers,dr..guy.myers@example.com,Johnsonside,2021-08-17
722,Steven Kaufman,steven.kaufman@example.com,Griffintown,2023-01-19
723,Kelly King,kelly.king@example.com,Madisonburgh,2024-10-09
724,Richard Jefferson,richard.jefferson@example.com,West Michaelberg,2022-01-29
725,Mrs. Joanne Pierce,mrs..joanne.pierce@example.com,Nicholasfort,2022-01-10
726,Jaclyn Hernandez,jaclyn.hernandez@example.com,Harrybury,2022-02-24
727,Madison Perry,madison.perry@example.com,Dennistown,2021-10-12
728,Kimberly Davenport,kimberly.davenport@example.com,West Martin,2020-11-07
729,Nathan Villarreal,nathan.villarreal@example.com,Pattersonton,2021-07-20
730,Omar Bright,,Adamland,2022-05-27
731,Matthew Mann,matthew.mann@example.com,Anitabury,2020-06-19
732,Michelle Logan,michelle.logan@example.com,Unknown,2021-12-28
733,Scott Walker,scott.walker@example.com,North Donnaville,2024-12-17
734,Amy Miller,amy.miller@example.com,Peckport,2025-03-11
735,Larry Dunlap,larry.dunlap@example.com,Richardsshire,2023-06-15
736,John Donaldson,john.donaldson@example.com,Kellytown,2022-11-21
737,Jonathan Miller,jonathan.miller@example.com,Port Thomas,2025-04-09
738,Penny Perez,penny.perez@example.com,Jonesborough,2020-12-27
739,Keith Davis,keith.davis@example.com,New Olivia,2022-09-02
740,Rachel Lozano,rachel.lozano@example.com,North Norman,2025-04-19
741,Dustin Rodriguez,dustin.rodriguezexample.com,Unknown,2020-08-21
742,Shannon Johnson,shannon.johnson@example.com,South Brett,2023-03-07
743,George Brown,george.brown@example.com,Lake Andrea,2022-02-08
744,Brandi Allen,brandi.allen@example.com,Gregoryside,2023-06-16
745,Diane Olson,,East Trevorville,2021-11-18
746,Manuel Park,manuel.park@example.com,Unknown,2024-11-09
747,Brittany Daniel,brittany.daniel@example.com,Port Melaniefurt,2024-08-02
748,Arthur Shepherd,arthur.shepherd@example.com,Dunnbury,2020-11-28
749,David Mcintyre,david.mcintyre@example.com,West Coreymouth,2024-02-09
750,Suzanne Owens,suzanne.owens@example.com,East Tracy,2021-07-31
751,Tiffany Lopez,tiffany.lopezexample.com,Jamesborough,2025-03-26
752,Beverly Graham,beverly.graham@example.com,South David,2021-12-14
753,Sarah Caldwell,sarah.caldwell@example.com,Coreystad,2021-02-22
754,Patricia Duffy,patricia.duffy@example.com,Gardnerville,2024-04-29
755,Victoria Ramirez,victoria.ramirez@example.com,Port Michaelside,2020-10-02
756,Benjamin Lee,benjamin.lee@example.com,Randyfort,2022-08-22
757,Connor Perkins,connor.perkins@example.com,Portermouth,2022-01-18
758,Nathan Smith,nathan.smith@example.com,Lake Mollyport,2022-07-24
759,Danielle Martin,danielle.martin@example.com,Moranland,2024-11-27
760,Matthew Harrison,matthew.harrison@example.com,Barnesmouth,2022-05-13
761,Monique Boyd,monique.boyd@example.com,Johnstontown,2021-04-03
762,Katherine Matthews,katherine.matthews@example.com,Port Jeremy,2020-08-15
763,Daniel Harris,daniel.harris@example.com,Danielchester,2024-02-10
764,Stephen Melendez,stephen.melendez@example.com,Matthewshire,2025-01-18
765,Nicholas Williams,nicholas.williams@example.com,Thompsonside,2022-12-11
766,Billy Preston,billy.preston@example.com,West Marieville,2021-12-24
767,Nancy Norton,nancy.norton@example.com,North Jameston,2021-07-24
768,Andrew Burton,andrew.burton@example.com,East Anita,2022-05-08
769,Jordan Henry,jordan.henry@example.com,Lake Alexandriafurt,2023-05-17
770,Elizabeth Williams,elizabeth.williams@example.com,West Toddchester,2023-06-03
771,Tracy Rich,tracy.rich@example.com,Unknown,2022-04-28
772,Valerie Hall,valerie.hall@example.com,East Deborahbury,2025-01-20
773,Anthony Henderson,anthony.henderson@example.com,Port Pamela,2024-12-14
774,Annette Rodriguez,annette.rodriguezexample.com,North Edward,2025-02-08
775,Kenneth Jefferson,kenneth.jefferson@example.com,New Shaun,2022-01-08
776,Isaac Jimenez,isaac.jimenez@example.com,Garciaborough,2023-04-05
777,Samantha Day,samantha.day@example.com,West Conniestad,2024-07-28
778,Diane Bryan,diane.bryan@example.com,Lake Christopher,2020-07-12
779,Brandon Mcintyre Jr.,brandon.mcintyre.jr.@example.com,South Juliehaven,2021-07-03
780,Anthony Hill,anthony.hill@example.com,North Misty,2022-11-21
781,Gary Velasquez,gary.velasquez@example.com,Unknown,2022-01-02
782,Jamie Graham,jamie.graham@example.com,East Terri,2022-05-05
783,Cassidy Smith,cassidy.smith@example.com,Griffithchester,2021-03-28
784,Valerie Martin,valerie.martin@example.com,Alexandratown,2021-12-07
785,Christina Dalton,christina.dalton@example.com,Lake Linda,2025-03-27
786,Adrian Garcia,adrian.garcia@example.com,Unknown,2024-09-10
787,Andrew Roberts,andrew.roberts@example.com,Bryanmouth,2020-10-02
788,Mark Yu,mark.yu@example.com,Unknown,2022-09-08
789,Jessica Henry,jessica.henry@example.com,Martinhaven,2021-01-01
790,Stephanie Russell,stephanie.russell@example.com,North Davidborough,2024-03-03
791,Larry Klein,larry.klein@example.com,Sarahview,2023-03-07
792,Heather Smith,heather.smith@example.com,Shannonberg,2020-12-20
793,Kelly Anderson DVM,,Unknown,2021-05-23
794,Gary Ryan,gary.ryan@example.com,Phillipsfurt,2022-07-23
795,Sara Morgan,sara.morgan@example.com,Port Jenniferbury,2023-11-16
796,Joel Clark,joel.clark@example.com,South Kellishire,2020-12-16
797,Wendy Foley,wendy.foley@example.com,Lake Jeffrey,2024-08-21
798,James Booker,,Hernandezfort,2023-10-21
799,Michael Garcia,,Lake Paulside,2021-07-02
800,Linda Sanchez,linda.sanchez@example.com,Johnstonshire,2022-11-15
801,Anna Bradford,anna.bradfordexample.com,Jerrystad,2022-02-24
802,Stephanie Thompson,stephanie.thompson@example.com,Justintown,2025-01-13
803,Gerald Silva,gerald.silva@example.com,East Sarah,2022-03-02
804,Samuel Garcia,samuel.garcia@exampl.com,Calderonmouth,2025-02-11
805,James Lewis,james.lewis@example.com,East Melissa,2025-03-09
806,Matthew Chaney,matthew.chaney@example.com,Elizabethfort,2022-11-04
807,Mariah Hernandez,mariah.hernandez@example.com,South Samanthaland,2025-03-06
808,Loretta Brown,loretta.brown@example.com,Port Jonathanton,2024-10-23
809,Steve Mcgrath,steve.mcgrath@exampl.com,Dennisbury,2022-03-15
810,Daniel Gross,daniel.gross@example.com,Lake Brittany,2024-07-13
811,Valerie Mayer,valerie.mayer@exampl.com,Unknown,2022-04-20
812,Christina Wilson,christina.wilson@example.com,North Mary,2023-02-23
813,Harold Scott,harold.scott@example.com,Powellshire,2024-03-28
814,Jane Morse,,Port Abigail,2021-08-30
815,Kristi Davis,kristi.davis@example.com,Lake Kelsey,2023-08-29
816,Anthony Perez,anthony.perez@example.com,Melissaview,2021-01-12
817,Kevin Reynolds,kevin.reynolds@example.com,Charlesfort,2020-07-24
818,Louis Rivera,louis.rivera@example.com,Bowmanberg,2023-10-31
819,Christopher Delgado,christopher.delgado@example.com,Brianview,2021-09-27
820,Amanda Perez,,Unknown,2021-12-31
821,Kayla Davis,kayla.davis@example.com,Coletown,2024-03-22
822,Nicholas Harris,,Johnsonborough,2021-05-19
823,Theresa Hansen,theresa.hansen@example.com,Port Anthony,2025-03-11
824,Stephen Wolf,stephen.wolf@example.com,Unknown,2020-08-04
825,Matthew Caldwell,matthew.caldwellexample.com,New Jonathanbury,2025-04-04
826,Michael Rodriguez,michael.rodriguez@exampl.com,West Tinatown,2025-01-11
827,Joseph Davis,joseph.davis@example.com,Unknown,2020-11-24
828,Michael Drake,michael.drakeexample.com,North Rachelchester,2020-09-05
829,Karen Cross,karen.cross@example.com,Christopherport,2020-08-30
830,April Wise,april.wise@example.com,Unknown,2024-05-22
831,Timothy Carlson,timothy.carlson@example.com,North Melissa,2023-04-15
832,Kendra Reyes,,South Melissaside,2024-04-01
833,James Castillo,james.castillo@exampl.com,Ashleyfort,2022-02-22
834,Brandy Lopez,brandy.lopez@example.com,Johnsonchester,2023-07-05
835,Stacy Marshall,stacy.marshall@example.com,Nashhaven,2021-03-18
836,Veronica Smith,veronica.smith@example.com,South Michelleshire,2024-09-22
837,Jose Hanson,jose.hanson@example.com,New Geraldfurt,2024-09-15
838,Jason Barton,jason.barton@example.com,Kelliside,2022-08-31
839,Robert Washington,robert.washington@example.com,Unknown,2025-04-16
840,Andrew Richards,andrew.richards@example.com,Sarahmouth,2022-07-17
841,Sandra Black,sandra.black@example.com,East Katrinamouth,2024-12-21
842,Juan Moore,juan.mooreexample.com,Unknown,2023-05-20
843,Kenneth Michael,,Kimberlyfort,2023-07-15
844,Stephanie Pearson,stephanie.pearson@example.com,Port Kyle,2023-11-18
845,Miss Kayla Potter,miss.kayla.potter@example.com,Vincentstad,2024-11-20
846,Selena Tran,selena.tran@example.com,Chapmanfort,2022-10-19
847,Matthew Howell,matthew.howell@example.com,New Kyle,2023-09-16
848,Latoya Simmons,latoya.simmons@example.com,South Jack,2022-08-01
849,Matthew Lewis,matthew.lewis@example.com,New Richard,2020-12-12
850,Joseph Thomas,joseph.thomas@example.com,North Scott,2024-12-28
851,David Turner,david.turner@example.com,West Michael,2020-12-11
852,Ronald Thomas,ronald.thomas@example.com,Williamsborough,2024-04-19
853,Shannon Gilbert,shannon.gilbert@example.com,West Nicole,2021-04-26
854,Leslie Gutierrez,leslie.gutierrez@example.com,Maysborough,2025-04-11
855,Jason Barton,jason.barton@example.com,Lake Deannafort,2023-06-07
856,James Faulkner,james.faulkner@example.com,Lake Austinbury,2022-07-18
857,Anthony Poole,anthony.poole@example.com,Fordfort,2024-04-15
858,Catherine Benton,catherine.benton@example.com,Cervantesborough,2021-05-14
859,Kathy Brown,kathy.brown@example.com,New Candice,2020-11-07
860,Joyce Macias,joyce.macias@example.com,Scottside,2022-06-24
861,Amanda Rodriguez,amanda.rodriguez@example.com,Samanthahaven,2020-09-13
862,Brian Harrell,brian.harrell@example.com,Bendershire,2023-10-24
863,Susan Merritt,susan.merritt@example.com,Meghanport,2024-03-03
864,Nicole Jackson,nicole.jackson@example.com,North Michelleborough,2024-05-19
865,Kevin Kelly,kevin.kelly@example.com,Hallborough,2023-07-27
866,Daniel Bates,daniel.bates@example.com,Pamelamouth,2022-04-12
867,Taylor Kelly,taylor.kelly@example.com,West Jessicamouth,2024-08-19
868,Michael Benton,michael.benton@example.com,Port Elizabeth,2023-06-26
869,Sandra Bryan,sandra.bryan@example.com,Matthewshire,2024-06-23
870,Luis Perry,luis.perry@example.com,Andersonchester,2021-12-24
871,Kelsey Morton,kelsey.morton@example.com,Unknown,2021-07-22
872,Julie Davis,julie.davis@example.com,Andrewberg,2021-05-02
873,Mrs. Jessica Rios,mrs..jessica.rios@example.com,North Christopherfort,2023-10-23
874,Abigail Jones,abigail.jones@example.com,New Margaret,2021-04-01
875,Lauren Wilson,lauren.wilson@example.com,South Jorge,2025-03-19
876,Jeffrey Mahoney,jeffrey.mahoney@example.com,West Andreabury,2022-02-15
877,Joseph Roberts,,Port Madisonstad,2024-09-05
878,Michael Simpson,michael.simpson@example.com,Torresberg,2024-10-23
879,Crystal Phillips,crystal.phillips@example.com,East Jamesshire,2024-01-17
880,Samantha Harrington,samantha.harrington@example.com,East Kaylashire,2021-09-18
881,Cynthia Mayo,cynthia.mayoexample.com,Michaelfort,2022-12-02
882,Tony Brooks,tony.brooksexample.com,Christianside,2024-04-21
883,Anthony Sexton,anthony.sexton@example.com,Maryport,2024-11-12
884,Marilyn Abbott,marilyn.abbott@example.com,Unknown,2022-06-11
885,Robert Strong,robert.strong@example.com,Harrisstad,2020-11-22
886,Candace Guzman,candace.guzman@example.com,South Melissa,2023-09-12
887,Melanie Miles,melanie.miles@example.com,Lake Jessestad,2024-09-27
888,Russell Hall,russell.hall@example.com,East Brianafort,2022-07-26
889,Jon Martin,jon.martin@example.com,Fieldsburgh,2023-04-13
890,Donna Barrett,donna.barrett@example.com,Darrylport,2022-12-15
891,Susan Yoder,susan.yoder@example.com,Unknown,2022-02-06
892,Richard Evans,,Lopezborough,2022-11-25
893,Robert Hill,,Smithchester,2022-06-01
894,Beth Harvey,beth.harvey@example.com,Brianborough,2021-06-23
895,Jeffrey Leon,jeffrey.leon@example.com,Unknown,2021-05-29
896,Anna Nichols,anna.nichols@example.com,Townsendhaven,2023-10-03
897,Gilbert Douglas,gilbert.douglasexample.com,Novakhaven,2025-04-14
898,Franklin Everett,franklin.everett@example.com,West Malik,2024-03-03
899,Micheal Smith,,Unknown,2021-11-17
900,Jillian West,jillian.west@exampl.com,Kirkshire,2024-10-13
901,Daniel Thompson,daniel.thompson@example.com,Tammyfurt,2021-12-11
902,Sarah Cooper,sarah.cooper@example.com,Lake Shelleyton,2021-11-26
903,Sherry Wilson,sherry.wilson@example.com,Davidsonville,2020-08-19
904,Nicole Valdez,nicole.valdez@example.com,Lake Robinborough,2025-02-13
905,Heather Mason,heather.mason@example.com,Unknown,2024-03-06
906,Kevin Anderson,kevin.anderson@example.com,East Richard,2021-08-02
907,Tanya Russo,tanya.russo@example.com,Jimenezfort,2020-07-08
908,Larry Pugh,larry.pugh@example.com,Jackieview,2020-05-08
909,Brian George,brian.george@example.com,Cordovachester,2021-02-12
910,Glenn Martinez,glenn.martinez@example.com,New James,2024-05-04
911,Amanda Cole,amanda.cole@example.com,North Matthewmouth,2021-04-24
912,Christina Mccoy,christina.mccoy@example.com,Kathleenside,2022-06-17
913,Justin Thompson,justin.thompson@example.com,West Lisabury,2021-08-13
914,Mr. George George,mr..george.george@example.com,Unknown,2022-07-06
915,Ruth Hickman,ruth.hickman@example.com,West Brian,2020-08-15
916,Christine Owens,christine.owens@example.com,Ramosburgh,2023-02-15
917,Paul Ward,paul.ward@example.com,Christinamouth,2021-12-07
918,Edward Andersen,edward.andersen@example.com,Tannermouth,2021-12-24
919,Ernest Torres,ernest.torres@exampl.com,Dawsonbury,2024-09-03
920,Ian Rice,ian.rice@example.com,South Judy,2021-04-08
921,Michele Rodriguez,michele.rodriguez@example.com,North Danielville,2022-11-05
922,Matthew Johnson,matthew.johnson@example.com,New Jason,2021-12-09
923,Kristina Bolton,kristina.bolton@example.com,Taraland,2023-08-08
924,Lydia Patterson,lydia.pattersonexample.com,West Jenniferstad,2023-02-18
925,Karen Jones,karen.jones@example.com,Colleenmouth,2022-04-10
926,Kevin Wilkerson,kevin.wilkerson@example.com,Port Matthewville,2022-07-01
927,Amanda Malone,amanda.malone@example.com,East Kyle,2023-12-18
928,Travis Potter,travis.potter@example.com,Teresastad,2024-11-07
929,James Fields,james.fields@example.com,Chapmanville,2020-06-15
930,Bobby Jones,,Unknown,2023-05-21
931,Craig Diaz,craig.diaz@example.com,Joneschester,2021-09-29
932,Dr. William Valdez MD,dr..william.valdez.md@example.com,Unknown,2021-06-21
933,Nathaniel Carter,nathaniel.carter@example.com,New Don,2024-06-27
934,Michael Reynolds,michael.reynoldsexample.com,West Emily,2024-01-20
935,Zachary Gutierrez,zachary.gutierrez@example.com,West Lorrainemouth,2021-04-13
936,Adam Griffin,adam.griffin@example.com,Staceyview,2023-08-09
937,Cody Yang,cody.yang@exampl.com,Unknown,2022-06-24
938,Raymond Hernandez,raymond.hernandez@exampl.com,Margaretview,2024-01-24
939,Jane Hudson,jane.hudson@example.com,Port Alexistown,2021-04-21
940,Daniel Calhoun,daniel.calhoun@example.com,Caseymouth,2025-01-25
941,James Richardson,james.richardson@example.com,Blakeside,2022-06-16
942,Eric Lewis,eric.lewis@example.com,New Theodore,2023-03-12
943,Wendy Wright,wendy.wright@example.com,Kington,2025-04-06
944,Elizabeth Gonzales,elizabeth.gonzales@example.com,New Stevenmouth,2024-12-11
945,Patricia Hawkins,patricia.hawkins@example.com,South Gregoryborough,2023-04-19
946,Jason Powers,jason.powers@example.com,Melissaburgh,2024-11-27
947,Michael Pitts,michael.pitts@example.com,Unknown,2025-02-20
948,Jonathan Larson,jonathan.larson@example.com,New Lori,2022-12-31
949,Timothy Anderson,timothy.anderson@example.com,Lake Davidfort,2022-04-10
950,Benjamin Patterson,benjamin.patterson@example.com,North Joseph,2023-06-04
951,Deanna Allen,deanna.allen@example.com,Kylefort,2020-12-16
952,Martha Brown,martha.brown@example.com,West Mark,2023-09-09
953,Christina Holland,christina.holland@example.com,East Michael,2020-11-12
954,Olivia Young,olivia.young@exampl.com,Port Elizabeth,2021-09-15
955,Dr. Aaron King MD,dr..aaron.king.md@example.com,Unknown,2020-05-03
956,Laura Richardson,laura.richardson@example.com,South Evelynberg,2023-11-01
957,Kayla Silva,kayla.silva@example.com,Waltonside,2024-01-27
958,Katherine Allen,katherine.allen@example.com,Maxwellborough,2022-09-24
959,Sarah Williams,sarah.williams@example.com,Port Latoyaland,2023-06-11
960,Emily Brown,emily.brown@example.com,Annstad,2021-04-19
961,Christopher Coleman,christopher.coleman@example.com,North Erica,2020-12-01
962,Frank Griffin,frank.griffin@example.com,South Taylorberg,2023-01-07
963,Nathan Whitehead,nathan.whitehead@example.com,East Jonathanstad,2024-05-05
964,Nicole Jacobs,nicole.jacobs@example.com,Bowenport,2025-02-28
965,Lindsey Maldonado,lindsey.maldonado@example.com,Bradleyhaven,2022-07-29
966,Amy Freeman,amy.freemanexample.com,West Cheyenne,2021-02-22
967,Denise Garcia,denise.garcia@example.com,East Ryan,2020-07-22
968,Cheryl Sims,cheryl.sims@example.com,Unknown,2021-01-17
969,Adam Spencer,adam.spencer@example.com,Unknown,2022-11-19
970,Tony Davis,tony.davis@example.com,Lake Robertburgh,2024-07-13
971,Regina Ferguson,regina.ferguson@exampl.com,Hardinville,2021-07-10
972,Kenneth Fitzpatrick,kenneth.fitzpatrick@example.com,Oconnorborough,2023-11-22
973,John Smith,john.smith@example.com,Danielfurt,2021-05-28
974,Christina Crawford,christina.crawford@example.com,Unknown,2022-12-11
975,Nicole Smith,nicole.smith@example.com,Montoyahaven,2021-05-10
976,Brenda Baker,brenda.bakerexample.com,West Keithton,2022-06-22
977,Jason Ramos,jason.ramos@example.com,New Ambershire,2024-06-26
978,Nichole Perez,nichole.perez@example.com,Robertsbury,2022-02-14
979,Tiffany Adams,tiffany.adams@example.com,New Matthew,2020-06-01
980,Jennifer Pacheco,jennifer.pacheco@example.com,West Davidberg,2021-01-20
981,Kristina Riggs,kristina.riggs@example.com,South Matthew,2024-04-07
982,Amber Bass,amber.bass@example.com,Thorntonland,2025-01-03
983,Jason Aguirre,jason.aguirre@example.com,Arellanoborough,2023-01-10
984,Cindy Jackson,cindy.jackson@example.com,Lake Lisatown,2021-05-10
985,Jessica Alvarado,jessica.alvarado@example.com,Bellton,2021-01-16
986,Scott Smith,scott.smith@example.com,Aguilarport,2023-04-29
987,Dr. Michael Travis,dr..michael.travis@example.com,Scottstad,2022-02-24
988,Jason Norton,,North Andreatown,2023-07-20
989,Darren Watson,darren.watson@example.com,Jaredberg,2023-05-05
990,Bryce Davis DDS,bryce.davis.dds@example.com,Port Emilyfurt,2023-04-05
991,Danielle Murphy,danielle.murphy@example.com,Port Kelly,2020-09-01
992,Mary Ramirez,mary.ramirez@example.com,New Thomaschester,2021-05-02
993,Joyce Livingston,,Luketon,2021-08-16
994,Anna Wise,anna.wise@example.com,Perezborough,2024-11-27
995,Michelle Martin,michelle.martin@example.com,Smithfurt,2021-02-15
996,Aaron Snyder,aaron.snyder@example.com,Dianabury,2024-12-10
997,Debra Walker,debra.walker@example.com,Port Gary,2024-06-22
998,Jeffrey Khan,jeffrey.khan@example.com,New Jacobberg,2021-10-26
999,Michael Dennis,michael.dennis@example.com,South Patrick,2024-04-25
1000,Paul Delacruz,paul.delacruz@exampl.com,Port Mercedes,2024-04-16
